{"cameraMode":{"drawMode":0,"name":"Shaded","section":"Shading Mode"},"sceneLighting":false,"audioPlay":false,"sceneViewState":{"m_AlwaysRefresh":false,"showFog":true,"showSkybox":false,"showFlares":true,"showImageEffects":true,"showParticleSystems":true,"showVisualEffectGraphs":true,"m_FxEnabled":false},"in2DMode":false,"pivot":{"x":-19.14513397216797,"y":1.3135883808135987,"z":24.906951904296876},"rotation":{"x":0.002996590221300721,"y":0.04798134043812752,"z":-0.0001439536572434008,"w":0.99884432554245},"size":2.6153223514556886,"orthographic":false}