{"cameraMode":{"drawMode":0,"name":"Shaded","section":"Shading Mode"},"sceneLighting":false,"audioPlay":false,"sceneViewState":{"m_AlwaysRefresh":false,"showFog":true,"showSkybox":false,"showFlares":true,"showImageEffects":true,"showParticleSystems":true,"showVisualEffectGraphs":true,"m_FxEnabled":true},"in2DMode":false,"pivot":{"x":1.4503350257873536,"y":1.0000004768371583,"z":-0.0041980743408203129},"rotation":{"x":-0.15548712015151978,"y":0.6915726661682129,"z":-0.15632453560829163,"w":-0.6878476142883301},"size":8.84072208404541,"orthographic":false}