{"cameraMode":{"drawMode":0,"name":"Shaded","section":"Shading Mode"},"sceneLighting":false,"audioPlay":false,"sceneViewState":{"m_AlwaysRefresh":false,"showFog":true,"showSkybox":false,"showFlares":true,"showImageEffects":true,"showParticleSystems":true,"showVisualEffectGraphs":true,"m_FxEnabled":true},"in2DMode":false,"pivot":{"x":-0.4217339754104614,"y":0.5332832336425781,"z":-1.4446611404418946},"rotation":{"x":-0.03014989010989666,"y":0.9006978869438171,"z":-0.42878249287605288,"w":-0.06333132833242417},"size":9.976701736450196,"orthographic":false}