{"cameraMode":{"drawMode":0,"name":"Shaded","section":"Shading Mode"},"sceneLighting":false,"audioPlay":false,"sceneViewState":{"m_AlwaysRefresh":false,"showFog":true,"showSkybox":false,"showFlares":true,"showImageEffects":true,"showParticleSystems":true,"showVisualEffectGraphs":true,"m_FxEnabled":false},"in2DMode":false,"pivot":{"x":-0.6945965886116028,"y":3.678074836730957,"z":-0.6606810092926025},"rotation":{"x":-0.001261108904145658,"y":-0.9976081848144531,"z":0.06775102764368057,"w":-0.018534686416387559},"size":12.255972862243653,"orthographic":true}