{"cameraMode":{"drawMode":0,"name":"Shaded","section":"Shading Mode"},"sceneLighting":false,"audioPlay":false,"sceneViewState":{"m_AlwaysRefresh":false,"showFog":true,"showSkybox":false,"showFlares":true,"showImageEffects":true,"showParticleSystems":true,"showVisualEffectGraphs":true,"m_FxEnabled":false},"in2DMode":false,"pivot":{"x":-0.7980310916900635,"y":0.41126203536987307,"z":0.4046362638473511},"rotation":{"x":-0.12172535061836243,"y":0.6419696807861328,"z":-0.10404200106859207,"w":-0.7499345541000366},"size":2.383446216583252,"orthographic":false}